{
  "Fp2_theta_beta_ratio": 0.002987165698633809,
  "Cz_zcr": 0.002875768351343866,
  "F8_theta": 0.002114092189235883,
  "F3_kurtosis": 0.0019230776342746725,
  "Fp1_alpha": 0.0019193872117858391,
  "C3_theta": 0.0016347084626201936,
  "Fp1_theta": 0.0016312034778041106,
  "Fp2_alpha": 0.0015369852666720861,
  "F7_gamma": 0.0014435114854454256,
  "O1_theta": 0.0014431405937661902,
  "P7_theta": 0.0014429555045531895,
  "Cz_mean": 0.0014405543190732506,
  "C3_kurtosis": 0.0013467091137928434,
  "Cz_theta_beta_ratio": 0.0013452305326583148,
  "P7_alpha": 0.001251203793137734,
  "T7_theta": 0.0012510183472981163,
  "Fz_kurtosis": 0.0012508334358845574,
  "F8_hjorth_activity": 0.0012506478122454978,
  "F8_std": 0.001250462900831939,
  "F8_rms": 0.001250462900831939,
  "F4_std": 0.0012502781672178108,
  "T7_hjorth_activity": 0.0012489843196974103,
  "C4_mean": 0.0012487995860832823,
  "O1_kurtosis": 0.0011549570457507707,
  "F4_hjorth_activity": 0.0011545865106981524,
  "F7_theta": 0.0011545865106981524,
  "P3_theta": 0.0011544019548834661,
  "F8_delta": 0.0011544019548834661,
  "F4_rms": 0.0011544014214851517,
  "P8_theta_beta_ratio": 0.0011531079295636127,
  "P4_skewness": 0.0011523689940833304,
  "F3_theta": 0.0010588957442034252,
  "F4_delta": 0.0010588957442034252,
  "Fp1_theta_beta_ratio": 0.0010585252091508067,
  "T7_std": 0.0010570462724173945,
  "Cz_hjorth_mobility": 0.0010561234902725426,
  "F7_mean": 0.0010559398193657366,
  "Pz_kurtosis": 0.0009624639076034613,
  "Pz_theta": 0.0009624639076034613,
  "F4_zcr": 0.0009622798872425786,
  "P3_kurtosis": 0.0009622788183904607,
  "F3_hjorth_activity": 0.000962094263603519,
  "F7_delta": 0.000960984438495549,
  "O1_skewness": 0.0009609842606961072,
  "T7_rms": 0.0009607998816570484,
  "O2_alpha": 0.0009606151480429315,
  "Cz_kurtosis": 0.0009606147934678733,
  "O1_hjorth_activity": 0.000866402962682733,
  "Fz_alpha": 0.0008662178734697324,
  "F8_theta_beta_ratio": 0.0008662175168431153,
  "Fz_theta": 0.0008662175168431153,
  "F3_alpha": 0.0008660324276301146,
  "T7_skewness": 0.0008649229591487617,
  "O1_gamma": 0.0008641850884174684,
  "Fp1_beta": 0.0008641849106180266,
  "F7_F8_theta_coherence": 0.0007701565719223869,
  "Cz_hjorth_complexity": 0.0007694160362432089,
  "C4_skewness": 0.0007692314804285227,
  "T7_kurtosis": 0.0007690460356166495,
  "Fp2_beta": 0.0007688614798019744,
  "Cz_skewness": 0.0007684921893493568,
  "O2_theta": 0.0007683085204842399,
  "C3_gamma": 0.0007677548489508745,
  "Pz_gamma": 0.0006740966979151941,
  "O2_gamma": 0.0006737268750880765,
  "F4_theta_beta_ratio": 0.0006735396461094223,
  "P7_P8_alpha_coherence": 0.0006733547346958635,
  "P3_skewness": 0.000672984734069304,
  "F8_hjorth_mobility": 0.0006726156214161283,
  "T7_beta": 0.0006726156214161283,
  "C3_delta": 0.0006726150890416282,
  "Fz_gamma": 0.0006724303554275113,
  "Fp1_mean": 0.0006722463309635108,
  "Fp1_hjorth_complexity": 0.0006722459763884525,
  "F3_skewness": 0.0005776637904016946,
  "O2_theta_beta_ratio": 0.0005772937897751351,
  "Fp2_delta": 0.0005772932553490762,
  "O1_alpha": 0.0005771085217349592,
  "F4_beta": 0.0005769236103214004,
  "O1_O2_alpha_coherence": 0.0005769236103214004,
  "F3_std": 0.0005769232547225168,
  "F3_rms": 0.0005769232547225168,
  "P3_alpha": 0.0005765543198687828,
  "T7_gamma": 0.0005765543198687828,
  "P4_mean": 0.0005765537874942827,
  "F8_beta": 0.000576369408455224,
  "Fp2_hjorth_activity": 0.0005763692306557822,
  "O1_beta": 0.0005763692306557822,
  "F4_mean": 0.000576368876080724,
  "P3_mean": 0.000576368876080724,
  "T7_mean": 0.0005761844970416652,
  "P7_hjorth_mobility": 0.0005761844970416652,
  "F7_theta_beta_ratio": 0.0005761844970416652,
  "F4_gamma": 0.0005761844970416541,
  "Pz_hjorth_mobility": 0.0005760001180026064,
  "C4_gamma": 0.0005760001180026064,
  "T8_gamma": 0.0005760001180026064,
  "P7_beta": 0.00048086195317517124,
  "Fz_zcr": 0.0004806772195610542,
  "F7_std": 0.0004806770417616124,
  "F7_rms": 0.0004806770417616124,
  "P7_std": 0.0004806770417616124,
  "F7_alpha": 0.0004804928405219955,
  "O2_zcr": 0.00048049266272255365,
  "O1_zcr": 0.00048049230814749543,
  "P3_zcr": 0.0004804921303480536,
  "F3_delta": 0.0004804921303480536,
  "F4_alpha": 0.0004804921303480536,
  "O2_skewness": 0.0004803079291084367,
  "T8_theta": 0.0004803079291084367,
  "T8_theta_beta_ratio": 0.0004803079291084367,
  "F8_hjorth_complexity": 0.00048030739673393663,
  "P8_mean": 0.00048030739673393663,
  "P7_P8_theta_coherence": 0.00048030739673393663,
  "P8_alpha": 0.00048012301769487784,
  "T7_T8_theta_coherence": 0.00048012301769487784,
  "P4_gamma": 0.0003849860974674435,
  "P4_theta_beta_ratio": 0.00038498591966800165,
  "O1_std": 0.0003849855630413845,
  "O1_rms": 0.0003849855630413845,
  "F7_hjorth_activity": 0.0003849855630413845,
  "Fp1_Fp2_theta_coherence": 0.0003849855630413845,
  "F4_hjorth_mobility": 0.00038480065162782573,
  "P8_theta": 0.00038480065162782573,
  "O1_hjorth_complexity": 0.0003848004738283839,
  "Fp2_zcr": 0.00038461574021426693,
  "C4_hjorth_complexity": 0.0003846155624148251,
  "O2_mean": 0.0003846155624148251,
  "P7_hjorth_activity": 0.0003846155624148251,
  "P7_rms": 0.00038443082880070813,
  "Fz_skewness": 0.00038443082880070813,
  "T8_alpha": 0.00038443082880070813,
  "P7_gamma": 0.00038443082880070813,
  "P7_theta_beta_ratio": 0.00038443082880070813,
  "C3_theta_beta_ratio": 0.0003844306510012663,
  "T8_beta": 0.0003844306510012663,
  "P7_delta": 0.0003844306510012663,
  "Fp1_zcr": 0.0003842459173871493,
  "O1_mean": 0.0003842459173871493,
  "F7_kurtosis": 0.0003842459173871493,
  "T7_hjorth_mobility": 0.0003842459173871493,
  "T7_hjorth_complexity": 0.0003842459173871493,
  "P7_zcr": 0.0003842459173871493,
  "P8_zcr": 0.0003842459173871493,
  "P3_gamma": 0.0003842459173871493,
  "F8_gamma": 0.0003842459173871493,
  "P8_delta": 0.0003842459173871493,
  "F7_hjorth_complexity": 0.00038406153834809055,
  "T8_mean": 0.00038406153834809055,
  "Cz_rms": 0.00038406153834809055,
  "P7_skewness": 0.00028873970670709734,
  "C3_skewness": 0.0002887391722810384,
  "P3_hjorth_activity": 0.0002887391722810384,
  "Pz_skewness": 0.0002887391722810384,
  "F4_theta": 0.0002887391722810384,
  "F4_skewness": 0.0002885542608674796,
  "C3_std": 0.0002885542608674796,
  "C3_rms": 0.0002885542608674796,
  "C3_hjorth_activity": 0.0002885542608674796,
  "T7_alpha": 0.0002885542608674796,
  "T7_theta_beta_ratio": 0.0002885542608674796,
  "F4_kurtosis": 0.0002883693494539208,
  "C4_hjorth_mobility": 0.0002883693494539208,
  "F7_skewness": 0.0002883693494539208,
  "Fz_hjorth_complexity": 0.0002883693494539208,
  "Fp2_gamma": 0.0002883693494539208,
  "C3_alpha": 0.0002883693494539208,
  "F7_beta": 0.0002883693494539208,
  "F8_alpha": 0.0002883693494539208,
  "P8_gamma": 0.0002883693494539208,
  "Cz_alpha": 0.0002883693494539208,
  "Pz_alpha": 0.0002883693494539208,
  "Fp2_std": 0.00028836917165447895,
  "Fp2_rms": 0.00028836917165447895,
  "P3_delta": 0.00028836917165447895,
  "T7_delta": 0.00028836917165447895,
  "Pz_delta": 0.00028836917165447895,
  "Fp2_hjorth_complexity": 0.000288184438040362,
  "C3_zcr": 0.000288184438040362,
  "C4_kurtosis": 0.000288184438040362,
  "C4_zcr": 0.000288184438040362,
  "P4_hjorth_complexity": 0.000288184438040362,
  "O1_hjorth_mobility": 0.000288184438040362,
  "O2_std": 0.000288184438040362,
  "O2_rms": 0.000288184438040362,
  "O2_hjorth_activity": 0.000288184438040362,
  "T8_hjorth_complexity": 0.000288184438040362,
  "P7_hjorth_complexity": 0.000288184438040362,
  "P8_skewness": 0.000288184438040362,
  "P8_hjorth_complexity": 0.000288184438040362,
  "Fz_mean": 0.000288184438040362,
  "Fz_hjorth_mobility": 0.000288184438040362,
  "Pz_mean": 0.000288184438040362,
  "Fp1_gamma": 0.000288184438040362,
  "P4_delta": 0.000288184438040362,