{
  "Random Forest": {
    "window_metrics_mean": {
      "accuracy": 0.6058029689608638,
      "precision": 0.6219043835945343,
      "recall": 0.6044988344988346,
      "f1": 0.6022703878135389,
      "kappa": 0.22439838984445867,
      "auc_roc": 0.6794538747102848
    },
    "window_metrics_std": {
      "accuracy": 0.040365092121069285,
      "precision": 0.11371112103686429,
      "recall": 0.06133501680206959,
      "f1": 0.04002391027739085,
      "kappa": 0.07969687482707234,
      "auc_roc": 0.050010185775589924
    },
    "subject_metrics_mean": {
      "accuracy": 0.6242105263157895,
      "precision": 0.6509523809523811,
      "recall": 0.62,
      "f1": 0.6155555555555555,
      "kappa": 0.26459456630495676,
      "auc_roc": 0.7108080808080809
    },
    "subject_metrics_std": {
      "accuracy": 0.055660227648009604,
      "precision": 0.12367758537712704,
      "recall": 0.140272756731276,
      "f1": 0.05862624870343517,
      "kappa": 0.1159355497873472,
      "auc_roc": 0.06478351161527453
    }
  },
  "XGBoost": {
    "window_metrics_mean": {
      "accuracy": 0.6147098515519569,
      "precision": 0.621798159576024,
      "recall": 0.6245804195804195,
      "f1": 0.6159131657561459,
      "kappa": 0.23816063429129414,
      "auc_roc": 0.6618568658312247
    },
    "window_metrics_std": {
      "accuracy": 0.05239227231762886,
      "precision": 0.11339726574693285,
      "recall": 0.05039412479340908,
      "f1": 0.058153942598334764,
      "kappa": 0.10188568943937018,
      "auc_roc": 0.08491047906335243
    },
    "subject_metrics_mean": {
      "accuracy": 0.6347368421052632,
      "precision": 0.6388034188034187,
      "recall": 0.6745454545454546,
      "f1": 0.6444444444444445,
      "kappa": 0.2807245219084937,
      "auc_roc": 0.6916161616161616
    },
    "subject_metrics_std": {
      "accuracy": 0.050875983046713966,
      "precision": 0.11787139791956573,
      "recall": 0.10110341649245233,
      "f1": 0.05752079602464347,
      "kappa": 0.10385922581080845,
      "auc_roc": 0.09055618933116058
    }
  },
  "SVM (RBF)": {
    "window_metrics_mean": {
      "accuracy": 0.6109851551956814,
      "precision": 0.6156697189567455,
      "recall": 0.5771561771561771,
      "f1": 0.5910891332724761,
      "kappa": 0.21996647302951794,
      "auc_roc": 0.6554169240066676
    },
    "window_metrics_std": {
      "accuracy": 0.05734191167744589,
      "precision": 0.12417966898520551,
      "recall": 0.09106424659399523,
      "f1": 0.09588815412846059,
      "kappa": 0.11982674417586792,
      "auc_roc": 0.08644699620129198
    },
    "subject_metrics_mean": {
      "accuracy": 0.6436842105263157,
      "precision": 0.659004329004329,
      "recall": 0.6127272727272728,
      "f1": 0.6230120756436545,
      "kappa": 0.28424849312475703,
      "auc_roc": 0.691868686868687
    },
    "subject_metrics_std": {
      "accuracy": 0.11520907166497704,
      "precision": 0.18447205606514094,
      "recall": 0.14900912390945886,
      "f1": 0.14426264057572485,
      "kappa": 0.23631415561140381,
      "auc_roc": 0.11131299382198333
    }
  },
  "Logistic Regression": {
    "window_metrics_mean": {
      "accuracy": 0.5954116059379218,
      "precision": 0.593920368959397,
      "recall": 0.574009324009324,
      "f1": 0.5816348230143213,
      "kappa": 0.18735034077700025,
      "auc_roc": 0.6239431461226334
    },
    "window_metrics_std": {
      "accuracy": 0.048390682496118664,
      "precision": 0.10674023769699258,
      "recall": 0.07163875004482306,
      "f1": 0.08393131115709067,
      "kappa": 0.09902701790458004,
      "auc_roc": 0.07154669178943321
    },
    "subject_metrics_mean": {
      "accuracy": 0.6136842105263158,
      "precision": 0.6216450216450216,
      "recall": 0.5813636363636363,
      "f1": 0.5946461519216937,
      "kappa": 0.23045962069217976,
      "auc_roc": 0.6745454545454546
    },
    "subject_metrics_std": {
      "accuracy": 0.0581906314150958,
      "precision": 0.1072700524263729,
      "recall": 0.09617047535797311,
      "f1": 0.08475067004911742,
      "kappa": 0.1137221069178083,
      "auc_roc": 0.09736862910445146
    }
  },
  "KNN": {
    "window_metrics_mean": {
      "accuracy": 0.6214844804318489,
      "precision": 0.5912007663766341,
      "recall": 0.7586713286713287,
      "f1": 0.6621304388410644,
      "kappa": 0.2407169959022437,
      "auc_roc": 0.6682583394762881
    },
    "window_metrics_std": {
      "accuracy": 0.07903811064724037,
      "precision": 0.10780139088359952,
      "recall": 0.07970485237658985,
      "f1": 0.09484393526275862,
      "kappa": 0.13345874893807166,
      "auc_roc": 0.07782740845468868
    },
    "subject_metrics_mean": {
      "accuracy": 0.6773684210526316,
      "precision": 0.6202314352314352,
      "recall": 0.8818181818181818,
      "f1": 0.7250634799559285,
      "kappa": 0.3599246512937544,
      "auc_roc": 0.733838383838384
    },
    "subject_metrics_std": {
      "accuracy": 0.1418867716021429,
      "precision": 0.14187466080054792,
      "recall": 0.13760795912018733,
      "f1": 0.14012420896166022,
      "kappa": 0.2584977334550365,
      "auc_roc": 0.1094789441878561
    }
  },
  "LightGBM": {
    "window_metrics_mean": {
      "accuracy": 0.6143994601889339,
      "precision": 0.6201930363285602,
      "recall": 0.630058275058275,
      "f1": 0.6171416774322105,
      "kappa": 0.23857510115966818,
      "auc_roc": 0.6478130748643569
    },
    "window_metrics_std": {
      "accuracy": 0.05788123369923763,
      "precision": 0.1077125044666014,
      "recall": 0.07518803664107844,
      "f1": 0.061738974039879525,
      "kappa": 0.11293950751868322,
      "auc_roc": 0.08230297566211806
    },
    "subject_metrics_mean": {
      "accuracy": 0.6552631578947368,
      "precision": 0.65,
      "recall": 0.6945454545454546,
      "f1": 0.6634920634920636,
      "kappa": 0.31799080352271847,
      "auc_roc": 0.673888888888889
    },
    "subject_metrics_std": {
      "accuracy": 0.06678198705499747,
      "precision": 0.10219806477837262,
      "recall": 0.11020829264894291,
      "f1": 0.07487623112445208,
      "kappa": 0.1327624279609678,
      "auc_roc": 0.08876391582033787
    }
  },
  "__test_set__": {
    "window_metrics": {
      "accuracy": 0.602051282051282,
      "precision": 0.5818431911966988,
      "recall": 0.834319526627219,
      "f1": 0.6855753646677472,
      "kappa": 0.18814864412453958,
      "auc_roc": 0.6312543198637873
    },
    "subject_metrics": {
      "accuracy": 0.64,
      "precision": 0.5909090909090909,
      "recall": 1.0,
      "f1": 0.7428571428571429,
      "kappa": 0.25742574257425743,
      "auc_roc": 0.6987179487179488
    },
    "test_subjects": [
      "v1p",
      "v270",
      "v310",
      "v213",
      "v110",
      "v113",
      "v190",
      "v108",
      "v284",
      "v21p",
      "v47p",
      "v306",
      "v44p",
      "v121",
      "v209",
      "v181",
      "v114",
      "v50p",
      "v236",
      "v219",
      "v8p",
      "v34p",
      "v305",
      "v33p",
      "v127"
    ],
    "best_model": "KNN"
  }
}